{
    "accuracy": 0.9305555820465088,
    "loss": 0.2354995757341385
}