{
    "accuracy": 0.9537037014961243,
    "loss": 0.16289089620113373
}