{
    "accuracy": 0.4861111044883728,
    "loss": 4.397526741027832
}