{
    "accuracy": 0.8379629850387573,
    "loss": 0.4952922761440277
}