{
    "accuracy": 0.9120370149612427,
    "loss": 0.34685730934143066
}