{
    "accuracy": 0.9120370149612427,
    "loss": 0.35454508662223816
}