{
    "accuracy": 0.9444444179534912,
    "loss": 0.1981625109910965
}