{
    "accuracy": 0.7962962985038757,
    "loss": 0.49664899706840515
}