{
    "accuracy": 0.9583333134651184,
    "loss": 0.11117541790008545
}