{
    "accuracy": 0.9722222089767456,
    "loss": 0.11623777449131012
}