{
    "accuracy": 0.9537037014961243,
    "loss": 0.16784481704235077
}